{"Precision": 0.7919996711979098, "Recall": 0.8871428571428572, "Accuracy": 0.757, "F1": 0.8362629031256766, "AUC": 0.7802857142857142}