{
    "acc": 0.757,
    "precision": 0.7991009888285243,
    "recal": 0.8742857142857143,
    "f1": 0.8341443960130173,
    "auc": 0.7542857142857142,
    "confus matrix": [
        [
            145,
            155
        ],
        [
            88,
            612
        ]
    ]
}