{
    "acc": 0.764,
    "precision": 0.7998501759366752,
    "recall": 0.8857142857142858,
    "f1": 0.8401393483541477,
    "auc": 0.759047619047619,
    "confusion_matrix": [
        [
            144,
            156
        ],
        [
            80,
            620
        ]
    ]
}