{"coefficients": [0.7394215130095483, -0.03161213942013016, 0.40829444610600024, 0.05039755484355298, -9.827475503191988e-05, 0.29069165765277044, 0.23196833525163277, -0.22370841562303206, 0.4398587879910583, 0.7224426003121107, 0.15360409557197086, -0.09031559905622137, -0.006422097858060541, 0.49808920497741177, 0.6501623001620962, 0.04205155209776543, 0.146011770568183, 0.14692478412878573, 0.7003647267546442, 1.5387441745559394], "intercept": [-9.928935846552527], "classes": [0, 1]}