{
    "acc": 0.774,
    "precision": 0.8668730650154799,
    "recall": 0.8,
    "f1": 0.8320950965824666,
    "auc": 0.7566666666666667,
    "confusion_matrix": [
        [
            214,
            86
        ],
        [
            140,
            560
        ]
    ]
}