{"coefficients": [0.9920605506408363, -0.03487781953774011, 0.757916620312974, 0.19343217208411817, -6.63517844786017e-05, 0.39253744235238636, 0.27690930565103844, -0.20331375106667784, 0.5141392655400777, -0.1242594771596532, -0.001484068090649839, 0.7743354474656131, 0.5313994034562035, 0.16336873633581736, 0.13029758549517323, 0.6449433674475643], "intercept": [-7.722305668742218], "classes": [0, 1]}