{"Precision": 0.7431129587636888, "Recall:": 0.732, "F1-score": 0.7361541740160671, "Accuracy": 0.732, "AUC": 0.7617662615233524, "Confusion Matrix": [[30, 28], [11, 131]]}