{"Precision": 0.9217429740786145, "Recall:": 0.921, "F1-score": 0.921260874262267, "Accuracy": 0.921, "AUC": 0.9613515604236851}