{
    "acc": 0.758,
    "precision": 0.798193620802532,
    "recal": 0.8771428571428572,
    "f1": 0.8354197406305515,
    "auc": 0.7554761904761904,
    "confus matrix": [
        [
            144,
            156
        ],
        [
            86,
            614
        ]
    ]
}