{
    "acc": 0.7689999999999999,
    "precision": 0.80143587547698,
    "recal": 0.8928571428571429,
    "f1": 0.84391607743,
    "auc": 0.7598095238095238,
    "confus matrix": [
        [
            144,
            156
        ],
        [
            75,
            625
        ]
    ]
}