{
    "acc": 0.731,
    "precision": 0.7688919554866457,
    "recal": 0.8828571428571429,
    "f1": 0.8210200767628171,
    "auc": 0.7241190476190477,
    "confus matrix": [
        [
            113,
            187
        ],
        [
            82,
            618
        ]
    ]
}