{"Precision": 0.792912389835786, "Recall": 0.8814285714285715, "Accuracy": 0.7550000000000001, "F1": 0.8344814177721298, "AUC": 0.7805714285714285, "Confusion Matrix": [[21.2, 8.8], [20.1, 49.9]]}