{
    "acc": 0.727999997138977,
    "precision": 0.8552349030971527,
    "recall": 0.738571435213089,
    "f1": 0.8307709217071533,
    "auc": 0.7734047532081604,
    "confusion_matrix": [
        [
            21.1,
            8.9
        ],
        [
            18.3,
            51.7
        ]
    ]
}